# Find lots more stations at http://www.iheart.com,
Antena 1 (São Paulo - Brazil), http://5.135.83.159/listen.pls
Rock & Pop (Buenos Aires - Argentina), http://play-rockandpop.cdn.sion.com:1935/rockandpop/audioweb/master.m3u8
Choice Classic Rock (Winnipeg - Canada), http://www.choiceclassicrock.com/choiceclassicrock.m3u
The Point (Little Rock - United States), http://34.218.76.33/signalmedia-kkptfmaac-ibc2?session-id=5bbf4f953529c233353e30988e44032d
96FM Perth (Perth - Australia), http://icecast2.arn.com.au/96fm.mp3
Prambors FM (Jakarta - Indonesia), http://masima.rastream.com/masima-pramborsjakarta
Smooth Radio (London - United Kingdom), http://media-ice.musicradio.com/SmoothLondon
My Radio (Vinnytsya - Ukraine), http://radio-stream-1.obozrevatel.com:8000/heavymetal128.mp3
Metal Heart (Ostrava - Czech Republic), http://fr.radio-streamhosting.com:8000/metalheartradio128mp3
Delta Radio (Kiel - Germany), http://streams.deltaradio.de/delta-foehnfrisur/mp3-192/streema/
Salü (Saarbrücken - Germany), http://internetradio.salue.de:8000/salue5
Djam (Paris - France), http://ledjamradio.ice.infomaniak.ch/ledjamradio.mp3
Blues Radio (Athens - Greece), http://live.bluesradio.gr:8352/stream
C103 (Cork City - Ireland), http://wg.cdn.tibus.net/C103
Radio 80 (Padova - Italy), http://cdn01.fluidstream.eu/radio80.aac
Arrow Classic Rock (Rotterdam - Netherlands), http://stream.gal.io/arrow
Radio Metro (Oslo - Norway), http://stream.radiometro.no/metro128.mp3/;
Radio One (Warsaw - Poland), http://91.232.4.33:8198/stream/;
80s RFM (Lisbon - Portugal), http://19553.live.streamtheworld.com:80/GR80SRFMAAC_SC
RockFM (Barcelona - Spain), http://flucast-b05-05.flumotion.com/cope/rockfm-low.mp3
Pal Nostalji (Istanbul - Turkey), http://shoutcast.radyogrup.com:1010/;;
La Zeta (Hermosillo - Mexico), http://www.streamingcwsradio20.com:9316/stream/;
Z Rock & Pop (Lima - Peru), http://167.114.118.120:7440/;
Oldies (Montevideo - Uruguay), http://51.15.152.81:8085/stream/;
Aspen (Buenos Aires - Argentina), http://16693.live.streamtheworld.com/ASPENAAC.aac
